norm_weight,mean,std
0.01,0.19339999556541443,0.004615193698555231
0.02,0.19380000233650208,0.011009087786078453
0.05,0.19660000503063202,0.01871630549430847
0.1,0.19760000705718994,0.014363150112330914
