norm_weight,mean,std
0.01,0.21860000491142273,0.016861196607351303
0.02,0.20059999823570251,0.008648700080811977
0.05,0.23559999465942383,0.01462190318852663
0.1,0.24159999191761017,0.011260544881224632
